module,question,option1,option2,option3,option4,answer,correct_answers,allow_multiple,difficulty,explanation
Budgeting,Which of the following are objectives of budgets? (Select all that apply),Motivation,Strategy,Communication,Responsibility,Motivation|Strategy|Communication|Responsibility,Motivation|Strategy|Communication|Responsibility,True,Medium,"All four options are key objectives of budgeting: motivating employees to achieve targets, translating strategy into actionable plans, communicating expectations across the organization, and allocating responsibility for delivery."
Budgeting,Which of the following statements describe an objective of budgeting? (Select all that apply),Translating strategic goals into plans to enable an entity to achieve its objectives,Forcing entities to look ahead and plan for the future,Forcing entities to report on the financial outcomes of the past 12 months,Coordinating the different functions of an entity,Translating strategic goals into plans to enable an entity to achieve its objectives,Translating strategic goals into plans to enable an entity to achieve its objectives|Forcing entities to look ahead and plan for the future|Coordinating the different functions of an entity,True,Medium,"Budgeting is forward-looking, not backward-looking. It translates strategy into plans, forces planning for the future, and coordinates different organizational functions. Reporting on past financial outcomes is not a budgeting objective."
Budgeting,One of the objectives of budgeting is to motivate employees to achieve targets set by an organization. Which of the following statements describe the motivational objective of budgeting? (Select all that apply),Delegating responsibility for different parts of the budget,Employees work more effectively if they have a challenging target to aim for,Setting targets against which actual results will be compared,Incentivizing staff to work towards achieving a budgeted target,Employees work more effectively if they have a challenging target to aim for,Employees work more effectively if they have a challenging target to aim for|Incentivizing staff to work towards achieving a budgeted target,True,Medium,"The motivational objective focuses on encouraging employees to achieve targets through challenging goals and incentives. Delegating responsibility and setting targets are organizational mechanisms, not specifically about motivation."
Budgeting,Breaking down one big task into several smaller tasks helps allocate responsibility for achieving the objectives of an organization.,True,False,,,True,True,False,Easy,"Breaking down large tasks into smaller, manageable components is a fundamental principle of budgeting. It allows for clearer responsibility allocation, better monitoring, and more effective achievement of organizational objectives."
Budgeting,What is the first step in the budgeting process?,Decide on the selling prices for products,Calculate the variable costs for products,Talk to suppliers about price movements over the coming year,Decide on the strategy and objectives of the organization,Decide on the strategy and objectives of the organization,Decide on the strategy and objectives of the organization,False,Medium,"The budgeting process must begin with defining strategy and objectives. All subsequent budgeting activities (pricing, cost estimation, supplier negotiations) flow from and support these strategic decisions."
Budgeting,Which budget should entities prepare first?,Cash budget,Budgeted statement of profit or loss,Variable costs budget,Sales budget,Sales budget,Sales budget,False,Medium,"The sales budget is typically prepared first because it drives all other budgets. Revenue projections determine production requirements, which then drive cost budgets, and ultimately feed into the profit/loss statement and cash budget."
Budgeting,The budgeted monthly statement of profit or loss is drawn up on the basis of cash received and cash paid while the month-by-month cash budget is drawn up on the accruals basis.,True,False,,,False,False,False,Medium,"This statement is backwards. The profit or loss statement is prepared on an accruals basis (recognizing revenues when earned and expenses when incurred), while the cash budget is prepared on a cash basis (recording only cash received and paid)."
Budgeting,Which of the following control activities will be undertaken on a monthly basis? (Select all that apply),Sensitivity analysis of budgets,Comparing actual and budgeted results,Identifying variances in cash receipts and payments,Taking corrective action on negative variances,Comparing actual and budgeted results,Comparing actual and budgeted results|Identifying variances in cash receipts and payments|Taking corrective action on negative variances,True,Medium,"Monthly control activities include comparing actual vs budgeted results, identifying variances, and taking corrective action. Sensitivity analysis is typically done during budget preparation, not monthly monitoring."
Budgeting,Monthly comparisons of actual results and budgeted results are examples of relevant financial information.,True,False,,,True,True,False,Easy,"Monthly variance analysis comparing actual to budgeted results provides relevant financial information for decision-making, performance evaluation, and corrective action. This is a key management control tool."
Budgeting,Sensitivity analysis assesses the effect on profits and cash flows of actual outcomes in comparison to budgeted outcomes.,True,False,,,False,False,False,Medium,"Sensitivity analysis is a forward-looking planning tool that examines how changes in assumptions (like sales volume or costs) would affect budgeted outcomes. Comparing actual to budgeted outcomes is variance analysis, not sensitivity analysis."
